id,text,positive,toxic,neutral
,ai writing ta onek shundor,1,0,0
,makeup ta baje hoise ,0,1,0
,na bujhe ultapalta na likhleo paro,0,1,0
,aager cheye mota hoiso,0,1,0
,drawing a aro improve kora dorkar ,0,1,0
,aita kono result hoilo!,0,1,0
,dst makeup ta manay nai re ,0,1,0
,dress ta shundor,1,0,0
,teaching method khub e baje,0,1,0
,akhono shomoy ase ashob baad dao,0,1,0
,tomar post tomar motoi faltu,0,1,0
,tomar kaj akdom baje,0,1,0
,kharap manusher sathe kharap e hobe ,0,1,0
,mair khabi,0,1,0
,baalsaal baad de,0,1,0
,ashepashe ashole kew care kore na ,0,1,0
,tr dara ai result e possible,0,1,0
,vlo kichu expect kori na tr dara,0,1,0
,parle kore dekha!,0,1,0
,tui korbi na tor bap korbo,0,1,0
,u look very beautifull,1,0,0
,tomar sathe dekha kora amr lifer worst experience,0,1,0
,bhai neshakhor lage tore ,0,1,0
,darkcircles er bhitor chokh lol ,0,1,0
,pimples gula khub e baje lagtese re ,0,1,0
,r weight gain koris na ,0,1,0
,tumi to akdom unique,1,0,0
,pagol akta ,0,1,0
,gadhar moto kaj ,0,1,0
,fazlami baad diye serious ho ,0,1,0
,amazing work dst,1,0,0
,baal dao to paros na ,0,1,0
,tor dara possible na ,0,1,0
,kharap korte korte tr akhon gayeo lage na ,0,1,0
,characterless purai ,0,1,0
,kuttarbaccha ki korse deksos,0,1,0
,haramigiri off kor ,0,1,0
,or future ondhokar kaj deklei buja jay ,0,1,0
,ki kushchit dekte re baba,0,1,0
,butki lagtese ,0,1,0
,hati lagtese ,0,1,0
,aita kono talent na ,0,1,0
,tomar moto bhalo manush kom e hoy ,1,0,0
,kotha guchao bolte pare na kichu na asche live korte,0,1,0
,pagoler moto kotha bolos kn ,0,1,0
,jottoshob faltu ,0,1,0
,tmi amr jibontai nosto kore diso,0,1,0
,nostami bondho kro ,0,1,0
,ai baaler result diye kichui hobe na ,0,1,0
,aita kono face hoilo naki,0,1,0
,lifeless er moto kothabarta boilo na ,0,1,0
,nije kichu pare na asche abar judge korte ,0,1,0
,taka kheye fake review dey,0,1,0
,ata moyda shuji ,0,1,0
,plastic akta ,0,1,0
,kathir moto lage dekhte ,0,1,0
,kaj to komas na khali barash,0,1,0
,dekhte ki misty lagtese tmk,1,0,0
,inspiring kaj krtso,1,0,0
,proud of you ,1,0,0
,meyeta purai talentless,0,1,0
,tomar kono kaj e amr pochondo hocche na ,0,1,0
,bosti akdom,0,1,0
,khet appi ,0,1,0
,over acting kore khali ,0,1,0
,fake review r koto,0,1,0
,kothabarta shunlei bujha jay brainless ,0,1,0
,ashob baad dao bhai ,0,1,0
,free pawar jonno koto chapa ,0,1,0
,tmk shit er moto lage dekhte,0,1,0
,purai illiterate ,0,1,0
,dhong dekhle bachi na ,0,1,0
,fazlami baad dao ,0,1,0
,manusher taka marar dhanda,0,1,0
,lojjashorom nai ,0,1,0
,tokai,0,1,0
,dekte j baje hoiteso dindin,0,1,0
,jotoi makeup koro na kn tao ugly e lage ,0,1,0
,makeup koreo kali ,0,1,0
,ato kichu diyeo shundor hoite parla na ,0,1,0
,kotto ugly vyrevy ,0,1,0
,khub e baje lagtese ,0,1,0
,face vorti dag ,0,1,0
,buira beti lage ,0,1,0
,buira beta lage ,0,1,0
,takar jonno ki shob j shuru korse ,0,1,0
,tr dara possible na,0,1,0
,baal o prs na ,0,1,0
,nostami off kor ,0,1,0
,ki shundor dekte ma sha allah ,1,0,0
,ore vlloi lage na amr,0,1,0
,thappor marle shikkha hbe ,0,1,0
,ore mon chay maira feli,0,1,0
,ki din ashlo ai baal dekha lagtese ,0,1,0
,purai slut er moto behaviour ,0,1,0
,fake beauty queen ,0,1,0
,vodrota shikhe nai ,0,1,0
,kotha bolar dhoron ato khrp ,0,1,0
,atto annoying manush kmne hoy,0,1,0
,baad de ashob ,0,1,0
,shala off kr ,0,1,0
,baal akta,0,1,0
,tmr jootoshob faltu kaj ,0,1,0
,savage akta ,0,1,0
,body dekhay taka kamay ,0,1,0
,tmi to akta magi ,0,1,0
,nostami kore khali sharadin ,0,1,0
,butki re dekha jay kemon ,0,1,0
,u inspire me very much ,1,0,0
,thappor kahisle tokhon shikbi ,0,1,0
,feminist ti khali namer ,0,1,0
,hot hoite giye nengta hoye jay ,0,1,0
,kapor porar dorkar ki chilo ,0,1,0
,tomader moto meyeder jonnoi shoman ta nosto ,0,1,0
,akhono shomoy ase diner pothe asho,0,1,0
,you are very charming,1,0,0
,ato kharap meye ,0,1,0
,buira beti biye korse,0,1,0
,kuttarbaccha vlo hobi na tui ,0,1,0
,shala khali nostami kore ,0,1,0
,tore chudi ,0,1,0
,ashob nekami off kor ,0,1,0
,shera playboy ,0,1,0
,khaiya dise ,0,1,0
,koyta lage tomar ,0,1,0
,ak night price koto,0,1,0
,tomar price tao bolo ,0,1,0
,chi lojja nai ,0,1,0
,ashob kaj kmne koro bindumatro lojja to thakar kotha ,0,1,0
,notun khaddo ,0,1,0
,baalpakna polapan ,0,1,0
,khaise sure,0,1,0
,khawadawa vloi chole ,0,1,0
,tui to khrap e tor mao kharap ,0,1,0
,luiccha,0,1,0
,shala characterless,0,1,0
,aita ki tomar haat er jadu ,0,1,0
,gadhar baccha gadhai hbe,0,1,0
,baper takay joto futani ,0,1,0
,ki body dekhay beray ,0,1,0
,makeup diyeo to forsha hoite paro na ,0,1,0
,buirar bou ,0,1,0
,raater price koto,0,1,0
,maal lagtese ,0,1,0
,deshi pornstar,0,1,0
,deshi maal akta ,0,1,0
,kailla bhoot ,0,1,0
,joto shob goru sagol,0,1,0
,chagoler moto kaj,0,1,0
,tmi manush e kharap,0,1,0
,meye namer kolongo ,0,1,0
,purush jaatir kolonko ,0,1,0
,lifestyle dekhe monehoy magi pura ,0,1,0
,shob e toh fake ,0,1,0
,sharadin showoff kore beray,0,1,0
,kailla bhoot ,0,1,0
,tmr sugar daddy koi ,0,1,0
,goru eta koydiner jonno ,0,1,0
,tmk dekhlei mejaj khrp hoy ,0,1,0
,nach dekhaila naki onno kisu,0,1,0
,asche body dekhaite ,0,1,0
,baaper takay futani,0,1,0
,bostar moto lagtese,0,1,0
,aitar sathe koydin r ,0,1,0
,ashob kono poshak hoilo,0,1,0
,porar theke na porai vlo,0,1,0
,ja porso dress pora r na pora same,0,1,0
,shob dekhai jaitese,0,1,0
,cheater akta ,0,1,0
,fraud kaj kore,0,1,0
,shala  ghushkhor,0,1,0
,neshakhor er moto lage,0,1,0
,nesha korte korte ai obostha,0,1,0
,ganja khay betay,0,1,0
,manush ho ,0,1,0
,r koto meyer life niye khelba,0,1,0
,tr kopal khrp naki face,0,1,0
,chakma lgtese ,0,1,0
,buira boyoshe vimroti,0,1,0
,bosti akta,0,1,0
,bosti theke uthe asche monehoy,0,1,0
,chipta akdom e,0,1,0
,lojja naii,0,1,0
,abaal purai,0,1,0
,baalpakna polapain,0,1,0
,desh ta k nosto krtse,0,1,0
,bhalo lage tomake,1,0,0
,osshojjokor akta manush,0,1,0
,bitokto lge dekhlei ,0,1,0
,mejaj tai khrp hoy,0,1,0
,r kotoi ba shojjo kora jay,0,1,0
,toxic behavior bondho koro,0,1,0
,pagoler kotha barta ,0,1,0
,pagol chagol jottoshob,0,1,0
,pagol chagol jottoshob jutse kopale,0,1,0
,jeina or chehara,0,1,0
,matha hang hoye jay kotha bollei,0,1,0
,manush ato chesra kmne hoy,0,1,0
,vaab a bache na ,0,1,0
,kamer theke vaab beshi,0,1,0
,tui khrap tr 14 gusti khrp,0,1,0
,baal akta ,0,1,0
,tr dara kisui hbe na ,0,1,0
,atto annoying manush hoy vyrevy,0,1,0
,mejaj tai khrap koira dey,0,1,0
,lifeless er dol jottoshob ,0,1,0
,kuttamorar moto chillaitese ,0,1,0
,kaker moto chul,0,1,0
,atto faltu lage ore amr,0,1,0
,kishob e kore bhai birokto ami,0,1,0
,change koro nijeke aivabe r kotodin,0,1,0
,dekse ki baje lagtese ,0,1,0
,atto bisri chi,0,1,0
,ki khrp mentality oder,0,1,0
,abusing kotha bole,0,1,0
,harrasment purai,0,1,0
,kno j amon kore ,0,1,0
,tomar kotha ora shune u inspire that much,1,0,0
,tor abaalgiri bondho kor,0,1,0
,tor uchit moira jawa,0,1,0
,tor uchit suicide kora,0,1,0
,tr moto manush thakar cheye na thakai vlo,0,1,0
,morlei to paros,0,1,0
,tor bachar o right nai,0,1,0
,moira ja ,0,1,0
,emeno tui ashob parbi na ,0,1,0
,shala off ja to,0,1,0
,maiya potaite jaiya e chasra hoye jay,0,1,0
,meye dekhle hush thake na,0,1,0
,kno amon birokto korteso,0,1,0
,tui kisui korte parbi na ,0,1,0
,amr monehoy na o kichu vlo krbe,0,1,0
,tor kopale kisui nai,0,1,0
,baalsaal r koto,0,1,0
,neshakhor er moto lagtese tore,0,1,0
,meye ta purai maal,0,1,0
,jinish deksos,0,1,0
,din tai baal jay ore dekhle,0,1,0
,tomake dekhle bachte iccha kore,1,0,0
,ore to bhai ma shoho gaali dey,0,1,0
,future pornstar,0,1,0
,thappor kahile thik hobi ,0,1,0
,mair khas na to ,0,1,0
,mair kahile bujbi,0,1,0
,amon frauld r krs na bhai,0,1,0
,dui no khali,0,1,0
,paros to khali manush re dhoka dite,0,1,0
,vlo hoye ja ,0,1,0
,khrp manush hoile jiboner orjon ashole 0,0,1,0
,tomar shikkhar kono value e nai cz tmi manush e khrp ,0,1,0
,poralekha koreo manush hoite parla na ,0,1,0
,hatir baccha ,0,1,0
,mohis akta,0,1,0
,chagoler moto lage tre,0,1,0
,honumaner moto deho,0,1,0
,nijer face aynay deksos,0,1,0
,tomake dekhle tomar jonno maya lage ,1,0,0
,tmi onk helpful akta manush,1,0,0
,tomar moto khrp manush dekhi nai,0,1,0
,maturity bolte kichhu nai,0,1,0
,cheap mentality,0,1,0
,omanush era,0,1,0
,onner taka mere khay,0,1,0
,jottoshob oshlil kaj,0,1,0
,tomar negativity r vllge na ,0,1,0
,kahli to negativity chorao,0,1,0
,mutki aktu gym kor,0,1,0
,brain e nai tmr,0,1,0
,manusher future koto bright r tui ki koros,0,1,0
,manusher moto manush ho ,0,1,0
,luicchami bondho kor ,0,1,0
,character ta akdome baje ,0,1,0
,manusher brain vorti khali gu,0,1,0
,shit er moto bhv kre,0,1,0
,live a aisha nachanachi start korse,0,1,0
,aishob result diye kicchu hbe na ,0,1,0
,thik koro shob ,0,1,0
,nijeke aage fix kre manush hou ,0,1,0
,skille toh nai tmr,0,1,0
,ai skill diye kvbe future develop krbe,0,1,0
,taka marar dhanda,0,1,0
,fraud pura,0,1,0
,kishob j krtse,0,1,0
,mukhe ja ashe tai bole ,0,1,0
,kothar kono aga matha nai,0,1,0
,boyosh thiki hoise but manush khrp,0,1,0
,mentality e cheap,0,1,0
,chotoloker moto bhvr,0,1,0
,chotolok purai,0,1,0
,daat baka kn,0,1,0
,ddat maje na dek,0,1,0
,hayre plastic surgery,0,1,0
,moydar bosta,0,1,0
,tumi onk misty akta meye,1,0,0
,tmr help chara kaj ta kortei partam na ,1,0,0
,bhai amon baje dekte saree porleo manay na,0,1,0
,kathir moto figure,0,1,0
,deklei ghinna lge,0,1,0
,tmr moira jawai vlo ,0,1,0
,mukh diye gondho ,0,1,0
,fraud pura bhai,0,1,0
,dat maje na dek,0,1,0
,chotoloker moto bhvr kore,0,1,0
,mentality e cheap onk,0,1,0
,boyosh thiki hoise but manush khrp uni,0,1,0
,tumi aager cheye mota hoiso,0,1,0
,chesrami kore sharadin,0,1,0
,raag uthe deklei,0,1,0
,thappor marte mon chay,0,1,0
,o to purai slut ,0,1,0
,slut akta,0,1,0
,kharap meye,0,1,0
,meye hoyeo nesha kore,0,1,0
,ore deklei ga jole,0,1,0
,birokto lgtese bahi,0,1,0
,vanga gola pura,0,1,0
,baaler singer,0,1,0
,khali autotune use kre,0,1,0
,ashob nostami korei famous hoise,0,1,0
,mentality e cheap onk or,0,1,0
,kuttarbaccha ,0,1,0
,khanki akta,0,1,0
,characterless meye ,0,1,0
,breainless binbo purai,0,1,0
,akta kaj o pare na ,0,1,0
,2jon re aktuo manay na ,0,1,0
,aktuo shundor lage na ,0,1,0
,aktuo sndr lage na ,0,1,0
,khubi baje lgtse dekte,0,1,0
,ki dekhe pochondo korse allah e jane,0,1,0
,ruchi e kharap,0,1,0
,taste khrp,0,1,0
,choice khrp,0,1,0
,tre to cartoon lage dekhte,0,1,0
,manusher moto dekhte ho,0,1,0
,shala neshakhor,0,1,0
,shala abaal,0,1,0
,shala bekkol ,0,1,0
,o bekkol purai,0,1,0
,modon beshi,0,1,0
,easily modon banano jay ore,0,1,0
,tre joto gali dei totoi kom,0,1,0
,kali akta dekte kmn lage,0,1,0
,skin ato baje,0,1,0
,buri hoye jaitese biye hoy na ,0,1,0
,or to mental problem ase,0,1,0
,pagol akta ,0,1,0
,din raat nesha kore khali ,0,1,0
,khub baal da paro tmi ,0,1,0
,o din raat nesha kore khali ,0,1,0
,Baal chal kajkam,0,1,0
,Bal chal kajkam,0,1,0
,balsal polapan,0,1,0
,baalsaal jibon,0,1,0
,Kire vodai kam koros na kn,0,1,0
,Vadaimma polapan,0,1,0
,Tui to dekhi bolod,0,1,0
,Fokinnir baccha tui,0,1,0
,Balvadaimma manushjon,0,1,0
,Dhila hala,0,1,0
,Kaj kam kor hala,0,1,0
,halar jonno amr jibon shesh,0,1,0
,Tui hoili rastar magi,0,1,0
,Kire magi,0,1,0
,Kanke mager sahosh beshi,0,1,0
,Amr rod e boshbi?,0,1,0
,Biri tan de ,0,1,0
,Shukhtan de ,0,1,0
,Ganjar stick bana,0,1,0
,Ganja khawa jabe na,0,1,0
,Bokachoda kn tui?,0,1,0
,Chudir vy,0,1,0
,Ganjakhor tui,0,1,0
,Taka myra dise bokasoday,0,1,0
,Shalay fokinni ekta,0,1,0
,Fokinnigiri koros?,0,1,0
,Chi tr pant chera,0,1,0
,Tui okorma chili r thakbi,0,1,0
,Tore diya amr kono kam hoibo na,0,1,0
,Bou petano jamai ,0,1,0
,Kajer beti jorina,0,1,0
,Kamlachoda tui,0,1,0
,Baal chal kajkam,0,1,0
,Bal chal kajkam,0,1,0
,balsal polapan,0,1,0
,baalsaal jibon,0,1,0
,Kire vodai kam koros na kn,0,1,0
,Vadaimma polapan,0,1,0
,Tui to dekhi bolod,0,1,0
,Fokinnir baccha tui,0,1,0
,Balvadaimma manushjon,0,1,0
,Dhila hala,0,1,0
,Kaj kam kor hala,0,1,0
,halar jonno amr jibon shesh,0,1,0
,Tui hoili rastar magi,0,1,0
,Kire magi,0,1,0
,Kanke mager sahosh beshi,0,1,0
,Amr rod e boshbi?,0,1,0
,Biri tan de ,0,1,0
,Shukhtan de ,0,1,0
,Ganjar stick bana,0,1,0
,Ganja khawa jabe na,0,1,0
,Bokachoda kn tui?,0,1,0
,Chudir vy,0,1,0
,Ganjakhor tui,0,1,0
,Taka myra dise bokasoday,0,1,0
,Shalay fokinni ekta,0,1,0
,Fokinnigiri koros?,0,1,0
,Chi tr pant chera,0,1,0
,Tui okorma chili r thakbi,0,1,0
,Tore diya amr kono kam hoibo na,0,1,0
,Bou petano jamai ,0,1,0
,Kajer beti jorina,0,1,0
,Kamlachoda tui,0,1,0
,kmn acho?,0,0,1
,kaman acho?,0,0,1
,Kemon acho?,0,0,1
,kemn aco?,0,0,1
,kemn acho?,0,0,1
,Kemon aco?,0,0,1
,kmn aco?,0,0,1
,kaman aco?,0,0,1
,kemn aso?,0,0,1
,kmn aso?,0,0,1
,kaman aso?,0,0,1
,kemon aso?,0,0,1
,kemn aso?,0,0,1
,Ki khbr?,0,0,1
,ke khbr?,0,0,1
,ki khobor?,0,0,1
,ke khobor?,0,0,1
,ki kbr?,0,0,1
,ke kbr?,0,0,1
,Amr aj mon valo nei,0,0,1
,Amr aj mon valo ny,0,0,1
,Amar aj mon valo nei,0,0,1
,Amar aj mon valo ny,0,0,1
,Amr onk koshto,0,0,1
,Amr onek koshto,0,0,1
,Amr onk kosto,0,0,1
,Amr onk koshto,0,0,1
,Amar onk koshto,0,0,1
,Amar onek kosto,0,0,1
,Kheye eshecho?,0,0,1
,Keye eshecho?,0,0,1
,Kheye esecho?,0,0,1
,Keye esecho?,0,0,1
,Naki giye khaba?,0,0,1
,Naki giye kaba?,0,0,1
,Nki giye khaba?,0,0,1
,Nki giye kaba?,0,0,1
,Nki giya khaba?,0,0,1
,Nki giya kaba?,0,0,1
,Naki giya khaba?,0,0,1
,Naki giya kaba?,0,0,1
,Ami tomake valobashi,0,0,1
,Ami tomake valobasi,0,0,1
,Ami tmk  valobashi,0,0,1
,Ami tmk  valobasi,0,0,1
,Ame tmk valobashi,0,0,1
,Ame tmk valobasi,0,0,1
,Ami onk valo,0,0,1
,Ami onek valo,0,0,1
,Ame onk valo,0,0,1
,Ame onek valo,0,0,1
,Shby shbyke help korte hobe,0,0,1
,Shobai Shobaike help korte hobe,0,0,1
,Tui ki amr sathe chade jabi,0,0,1
,Tui ke amr sathe chade jabi,0,0,1
,Tui ki amar sate cade jabi,0,0,1
,Fail korechish exam e?,0,0,1
,Fail korecis exam e?,0,0,1
,Amr r kicchu valo lage na,0,0,1
,Amar r kicchu valo lage na,0,0,1
,Amr r kissu valo lage na,0,0,1
,Amr r kissu valo lage na,0,0,1
,Amr sathe chol jamuna te,0,0,1
,Amr sathe chol jomuna te,0,0,1
,Tmi ki amr homework kore diba?,0,0,1
,Tme ke  amr homework kore diba?,0,0,1
,Tme ke amar homework kore diba?,0,0,1
,"Ay ay chad mama, tip diye ja",0,0,1
,"Aaay Aaay chad mama, tip diye ja",0,0,1
,Ma-baba shb theke beshi valobashe ,0,0,1
,Ma-baba shob theke beshi valobashe ,0,0,1
,Cholo jy khete,0,0,1
,Cholo jy khyte,0,0,1
,Cholo jai khete,0,0,1
,Cholo jai khyte,0,0,1
,Colo jy khyte,0,0,1
,Colo jy kyte,0,0,1
,Colo jy khete,0,0,1
,Prithibi te beche achi etai onek,0,0,1
,Prithibi te bece aci etai onek,0,0,1
,Pritibi te bece aci ety onk,0,0,1
,Ei dhoroni te r kisu pawar ny,0,0,1
,Ei dhoroni te r kisu power ny,0,0,1
,Ai dhoroni ta r kisu power nai,0,0,1
,Ami r parchi na ,0,0,1
,Ami r parsi na,0,0,1
,Data collect kora onk jhamela,0,0,1
,Data clct kora onek jamela,0,0,1
,"Banglish boli r english, ekta hoilei hoilo",0,0,1
,"Banglish koi r english, ekta koilei hoilo",0,0,1
,Gramer chachato vy Kuddus,0,0,1
,Graamer chachato vy Kuddus,0,0,1
,Gramer chachto vy kuddus,0,0,1
,Gramer chachto vai Kuddus,0,0,1
,Bokkor vy pass korse,0,0,1
,Mishti bilau ghore ghore,0,0,1
,Mishti dau ghore ghore,0,0,1
,Amr project shesh hoyny,0,0,1
,Amr project sesh hoini,0,0,1
,Ami ki r data collect korbo?,0,0,1
,Ami ki r data clct korbo,0,0,1
,Eshb bujhi na,0,0,1
,Eshb buji na,0,0,1
,Eshob bujhi na,0,0,1
,Eshob buji na,0,0,1
,Mobile hariye felsi,0,0,1
,Mobile haraya felsi,0,0,1
,Mobile hariye felci,0,0,1
,Mobile hariye felsi,0,0,1
,Amr prochur ghum pacche,0,0,1
,Amar prochur ghum passe,0,0,1
,Ghumabo ami,0,0,1
,Cholo jy ghumate,0,0,1
,Cholo jy ghumyte,0,0,1
,Mansuh olpo pele khushi hoyna,0,0,1
,Manus olpo pele kushi hoyna,0,0,1
,Ja chyba ta e pyba,0,0,1
,Ja chaiba ta e paba,0,0,1
,Ami tmr jonne ki ki korbo,0,0,1
,Ami tmr jonne ke ke korbo,0,0,1
,Ami tomar jonne ki ki korbo,0,0,1
,"Valo achi, valo theko",0,0,1
,"Valo asi, valo teko",0,0,1
,"Oronne boshobash, goru khay ghash",0,0,1
,"Ami khy murgi, amr bou kha hash",0,0,1
,Eshb ki boltesos?,0,0,1
,Eshob ki boltesos?,0,0,1
,Ashb ke boltesis?,0,0,1
,Shovab kharap ovabe,0,0,1
,Shovb khrp ovabe,0,0,1
,Saan korbi naki fresh hobi,0,0,1
,Amdr barite 4/5ta goru ase,0,0,1
,Amader barite 4/5ta goru ache,0,0,1
,Taratari kor kaj ta,0,0,1
,Vai bon shby mile ghurtesi,0,0,1
,Vy boin sby mila ghurtci,0,0,1
,Ami tomare kamre dite cai sona mona,0,1,0
,Kanke mage hegab koi ,0,1,0
,Amr rod e bosh,0,1,0
,Toke rode boshiye bell bajabo,0,1,0
,Tke rod e bosiye bell bajabo,0,1,0
,Tmr pompom gulo boro,0,1,0
,Tmr hegab koi bessha,0,1,0
,Arektu hole kodu gulo dekha jeto,0,1,0
,Olper jonne tmr jhola tormuj dekhte partam,0,1,0
,Tmk ami kola dekhabo,0,1,0
,Jaba naki roomdatee,0,1,0
,Tmr kodu gulo dau,0,1,0
,Ufff jdi ekbar khyte partam,0,1,0
,Ufff jodi akbar khyte partam,0,1,0
,"Hijab for Allah, short pants for Abdullah",0,1,0
,Kha kha amay chushe chushe kha,0,1,0
,Jabi naki choy noy korte,0,1,0
,Jabe nake choy noy korta,0,1,0
,Tr to morre jawa uchit,0,1,0
,Tui kukurerbaccha shala,0,1,0
,Baal er course,0,1,0
,Baler classe ghum ashe,0,1,0
,Baal chera gelo,0,1,0
,Tui amr baal chirbi,0,1,0
,Ay chutir por ,0,1,0
,Kopamu tore,0,1,0
,Jolbe aagun ghore ghore,0,1,0
,Jaliye mere felbo,0,1,0
,Kire vodai,0,1,0
,Kire chodna,0,1,0
,Kire natkir puut,0,1,0
,Aho vatija bell bajai,0,1,0
,Vodai shalay ki gaan shune,0,1,0
,Ajk jabo pot korte,0,1,0
,Birir putkite chumu dite chy,0,1,0
,Biri dhora nyle ganja,0,1,0
,Ganja chara cholei na,0,1,0
,Ganjakhor shala tui,0,1,0
,Ganjutti hala,0,1,0
,Vodai sode hudai,0,1,0
,Sodnami korbi na,0,1,0
,Chodnami korbi na,0,1,0
,Arektu dekhte chy tmr pompom,0,1,0
,Jibon manei sodon,0,1,0
,tore khaiya laisi re khaiyalaisi,0,1,0
,jibonta putki mara hoye gelo,0,1,0
,hoga maira tel bai koira felbo tomar,0,1,0
,"amare tel dite aiso na, chude dibo",0,1,0
,bessha magi tomare kahisi,0,1,0
,tomar dadir putki soi,0,1,0
,ami tomare chude dite cai,0,1,0
,pat khete jai colo,0,1,0
,pat khete jabi amar sathe,0,1,0
,"oi tui amre cinos na, ami ketha",0,1,0
,putki maira tomar lal suta ber kore felbo manik,0,1,0
,mara khaite khaite feta feta hoiya gesi,0,1,0
,bessha magi tui,0,1,0
,tui to kala,0,1,0
,oi kala manik khobor ki tor,0,1,0
,tore soyabin tel diya hoga marmu,0,1,0
,tumi amar sonar bal,0,1,0
,tui amr vodar bal,0,1,0
,goya mara sara hoye gese re ,0,1,0
,tomake halka kore cude dise r ki,0,1,0
,jaio na jaio na konna pragnent kore dibe,0,1,0
,prothome vabsilam molom bikreta pore dekhlam sujoinna,0,1,0
,ijjot tula tula koira dise halar putera,0,1,0
,"ijjot  maira halaise, madarchod e ra",0,1,0
,"tomader juta diya songbordhona dibo, desh e aso khali",0,1,0
,ekta akhoya bash diya dilo ekkebare,0,1,0
,ha ha ha ekke bare voira dise,0,1,0
,hate ekkebare der gat lomba leura dhorai dise,0,1,0
,amr ta cushe dao ektu,0,1,0
,taile ami tomar pusy cuse dibo,0,1,0
,"ami jony sins hote cai, amr ta or tar moto boro hbe",0,1,0
,"cudir vai, cuida kos cudi nai,,,,,,,,,,,,,,,,,,,,,,,,,,,,,,,,,,,,,,,,",0,1,0
,"madarchod, tore aj khaiyalaisi,,,,,,,,,,,,,,,,,,,,,,,,,,,,,,,,,,,,,,,,",0,1,0
,"chudna, tumi ar valo hoila na,,,,,,,,,,,,,,,,,,,,,,,,,,,,,,,,,,,,,,,,",0,1,0
,"tumi ekta characterless,,,,,,,,,,,,,,,,,,,,,,,,,,,,,,,,,,,,,,,,",0,1,0
,"tor mathay somossa, halar po hala,,,,,,,,,,,,,,,,,,,,,,,,,,,,,,,,,,,,,,,,",0,1,0
,"halar vai, tor ma re chudi,,,,,,,,,,,,,,,,,,,,,,,,,,,,,,,,,,,,,,,,",0,1,0
,"sala, tor coritre somossa ,,,,,,,,,,,,,,,,,,,,,,,,,,,,,,,,,,,,,,,,",0,1,0
,"shalar sala magibaj,,,,,,,,,,,,,,,,,,,,,,,,,,,,,,,,,,,,,,,,",0,1,0
,"tor nanir putki soi,,,,,,,,,,,,,,,,,,,,,,,,,,,,,,,,,,,,,,,,",0,1,0
,"tore ar tor mayre eksathe lagamu,,,,,,,,,,,,,,,,,,,,,,,,,,,,,,,,,,,,,,,,",0,1,0
,"sundori tomare dekhle amar nunu kharay jay,,,,,,,,,,,,,,,,,,,,,,,,,,,,,,,,,,,,,,,,",0,1,0
,"amar nunur khoj khobor o ektu loiyo, se tomake lagate cay,,,,,,,,,,,,,,,,,,,,,,,,,,,,,,,,,,,,,,,,",0,1,0
,"ami tomake lagate cai, plz ek rater jonno lagate diba? Sudhu ek rat,,,,,,,,,,,,,,,,,,,,,,,,,,,,,,,,,,,,,,,,",0,1,0
,"Baishe sraban Part 9 new story lekha hoye geche . Thik dupor 2 .00 pm . Baishe sraban again niye aschi . Sunben toh Didi Bhai Jaya ahsan . Ekdom thriller golpo Baishe sraban abar new story lekha hoye geche sudho golpo paath o music daooo ta baki ache . Mone hoy dupor 2 .00 pm hoye Jaye jabe . Sunben toh baishe sraban abar ??? Na sunle thik ache bye suggested for you dekhale apni Jaya di Tai comment korlam b,,,,,,,,,,,,,,,,,,,,,,,,,,,,,,,,,,,,,,,,1",0,1,0
,"So hot ,,,,,,,,,,,,,,,,,,,,,,,,,,,,,,,,,,,,,,,,",0,1,0
,"Apne je hindhu. Age jana cilo na fast janlam ga,,,,,,1,,,,,,,,,,,,,,,,,,,,,,,,,,,,,,,,,,",0,1,0
,"nengta beti jaya,,,,,,,,,,,,,,,,,,,,,,,,,,,,,,,,,,,,,,,,",0,1,0
,"tomar golapi beral ta ami chusbo, chuse chuse khabo ,,,,,,,,,,,,,,,,,,,,,,,,,,,,,,,,,,,,,,,,",0,1,0
,"Really apni onek sundor r din din aro besi sundori lagse apu ,,,,,,1,,,,,,,,,,,,,,,,,,,,,,,,,,,,,,,,,,",1,0,0
,"She had said Ill things about kolkata its culture and food..dnt let her come here anymore…,,,,,,,,,1,,,,,,,,,,,,,,,,,,,,,,,,,,,,,,,",1,0,0
,"Bedi ki Hindu na Muslim,,,,,,,,,,,,,,,,,,,,,,,,,,,,,,,,,,,,,,,,",0,1,0
,"khankir pola, tor mayre bap,,,,,,,,,,,,,,,,,,,,,,,,,,,,,,,,,,,,,,,,",0,1,0
,"khankir nati tor mayre bap,,,,,,,,,,,,,,,,,,,,,,,,,,,,,,,,,,,,,,,,",0,1,0
,"khankir beti tomar pusy borabor,,,,,,,,,,,,,,,,,,,,,,,,,,,,,,,,,,,,,,,,",0,1,0
,"tomare condom chara lagabo,,,,,,,,,,,,,,,,,,,,,,,,,,,,,,,,,,,,,,,,",0,1,0
,"sona r agay khati sorisar tel lagaiya tomare lagaite cai,,,,,,,,,,,,,,,,,,,,,,,,,,,,,,,,,,,,,,,,",0,1,0
,"shahin notir polare dhor,,,,,,,,,,,,,,,,,,,,,,,,,,,,,,,,,,,,,,,,",0,1,0
,"shahin notir polare chuida de,,,,,,,,,,,,,,,,,,,,,,,,,,,,,,,,,,,,,,,,",0,1,0
,"Ahare boin koyekta like coment follower pawar jnno Hindu sajcic,,,,,,,1,,,,,,,,,,,,,,,,,,,,,,,,,,,,,,,,,",1,0,0
,"Pls do inform, tumi valo,,,,,,,1,,,,,,,,,,,,,,,,,,,,,,,,,,,,,,,,,",1,0,0
,"DEEDEEMA ...AI SOB MUKHOBHONGEE 15 BOCHOR AR MAYKAYO MANAI NA...TUMEEAINAI NEEJAY K DAKHO BOLAI KEE NANA PROCHESH TA??? JOGHONYYO LAGCHAY...,,,,,,,,,,,,,,,,,,,,,,,,,,,,,,,,,,,,,,,,",0,1,0
,"tomake ami khelte cai, amre jodi deo valo moja paba,,,,,,,,,,,,,,,,,,,,,,,,,,,,,,,,,,,,,,,,",0,1,0
,"sathe ekbar khela kore dekho, moja r moja rosh r rosh,,,,,,,,,,,,,,,,,,,,,,,,,,,,,,,,,,,,,,,,",0,1,0
,"Akbar jdi patam ufff????,,,,,,,,,,,,,,,,,,,,,,,,,,,,,,,,,,,,,,,,",0,1,0
,"buri kintu rose vora...??????????,,,,,,,,,,,,,,,,,,,,,,,,,,,,,,,,,,,,,,,,",0,1,0
,"free bird,,,,,,,,,,,,,,,,,,,,,,,,,,,,,,,,,,,,,,,,",0,1,0
,"Too hottie ??,,,,,,,,,,,,,,,,,,,,,,,,,,,,,,,,,,,,,,,,",0,1,0
,"sundori , sei sathe lovoniyo,,,,,,,,,,,,,,,,,,,,,,,,,,,,,,,,,,,,,,,,",0,1,0
,"goya mara sara,,,,,,,,,,,,,,,,,,,,,,,,,,,,,,,,,,,,,,,,",0,1,0
,"hoga mara sara,,,,,,,,,,,,,,,,,,,,,,,,,,,,,,,,,,,,,,,,",0,1,0
,Dekha na dile bondhu kotha koiyo na,0,1,0
,Uffff k o jaya ammu k niye chat korte chaile dm,0,1,0
,Uff??Hotty Fucking Sexy????,0,1,0
,tomar dudh er size choto,0,1,0
,tomar dudh er size aha batabi lebur moto,0,1,0
,Uffs! Those O_O ???? duh duita,0,1,0
,Your sexy body jaya,0,1,0
,Ki sexy Ahh Ahhh ???????? amar mukh diya lala portese,0,1,0
,Ore dud????????????,0,1,0
,jaya ke niye nongrami korte caile inbox e aso,0,1,0
,Boddi ko bohot chodna chahiye??????????????????,0,1,0
,"Make up khub baje korechhe contour korte giye kiram kaalshiter mato kore diyeche saree blouse ta atto sundor chhilo kichu na sajale apni ato sundor emni manato,jaghonyo sajiyechhe make up artist ta..R ota k thik o koreni,ato over confidence..!!",0,1,0
,buri kintu rose vora...??????????,0,1,0
,Hi buri.. what do you want?,0,1,0
,Uffff k o jaya ammu k niye chat korte chaile,0,1,0
,51 years old step mommy ??????,0,1,0
,Ki sexy Ahh Ahhh ????????,0,1,0
,Like Your sexy body jaya,0,1,0
,We are getting a blouseless pic from you ,0,1,0
,ja lagche na roshoboti boudi. Pichoner fitata tan diye khule. Uffff purai makhon. Cata jeto jodi,0,1,0
,"blouse chara aso, sudhu bra pore",0,1,0
,sunny leone er deshi version,0,1,0
,ami apnar ei pithe kiss kore jhajhra kore dibo ,0,1,0
,Puro pith ta vashaiya dite partm..ufff,0,1,0
,tomar navita dekhao joya ,0,1,0
,you have such an amazing Cum Face ??,0,1,0
,Eto zoom kore na dekhalo parten?? dilen to mata nosto koira??,0,1,0
,uh ahh uh fochat fochat,0,1,0
,"Aibaar toh Bangladeshi actress der key baad din puro ki Bengal ta key Bangladesh kore deben naki, R Sotti Aye Bangal gulo nijer der desh kaaj payee na, Jaya key ki Bangladesh kou kaaj dayee na jey sala Bangladesh chere India tey ki G Marachey seriously. Abar era hi secularism er gyaan dayer",0,1,0
,Aunty...anirban kakur jaigai ami thakle bhalo manato na???,0,1,0
,Illegal Bangladeshi Hatao West Bengal Baachao,0,1,0
,Vatar borkar. Agayr ta ta kaiso. Ako Abar notun. Skta dorkar gokon dorkar mitay gabay Abar talak Diba. Ai to date baybsa,0,1,0
,Kissing scene ta valo hoi nai.. pocha hoise.,0,1,0
,"vinno desh e giye thap kheye sukh khoje, thapa thap thapa thap",0,1,0
,Knkki maggi,0,1,0
,Cudi de sudanijji re,0,1,0
,Tomar voda roshe vora,0,1,0
,Vodar jalay bace na,0,1,0
,sobar sathei putki mara dey,0,1,0
,Biyadob meye...manus ke baji sikai,0,1,0
,Amar Joya baby k kiss koro keno tumi ??,0,1,0
,hijra der moto lage,0,1,0
,meyera sex chat korte caile inbox e aso,0,1,0
,tomar bogoler gham juice baniye khabo,0,1,0
,oke niye nongrami korte caile inbox e aso,0,1,0
,e joubon furabar noy,0,1,0
,Kamini??,0,1,0
,bura bedi din din juyan hoye jaccae,0,1,0
,Ki sexy bogol,0,1,0
,mal felar moto mukh,0,1,0
,mal besi besi ber korle to sukiye jabei,0,1,0
,ektu lagate diba?,0,1,0
,Random meye niye nosto kotha bolte inbo,0,1,0
,Ufff hottt jaya,0,1,0
,She is desperately looking for sugar dady??,0,1,0
,rejected mal,0,1,0
,tumer pom pom e amr nack dubate chai??,0,1,0
,bikkhato sorir bebsahi,0,1,0
,ufff ki dasa size,0,1,0
,uff leura ton ton korche,0,1,0
,Ufff ammu ????,0,1,0
,Uff??Hotty Fucking Sexy????,0,1,0
,Boobs ??,0,1,0
,????sex bomb,0,1,0
,????sex kori colo,0,1,0
,Sex hott??????,0,1,0
,Watching 69 you ages like fine wine Girl ??????????????,0,1,0
,ek rat koto neo baby?,0,1,0
,amar bichanay aso tomake thapiye thapiye lagabo,0,1,0
,Ah ki dudh re,0,1,0
,Mora bade tmr sawya mukay gorom Pani dalba Allahy . Rup zoubon beshi din takto nay. Somoy thakte line a aso,0,1,0
,Old but delicious ????,0,1,0
,Ufff dasaaaa,0,1,0
,Ishh agun??,0,1,0
,18 bocor ar joboti????,0,1,0
,"Come to me, so I could play with your pom pom and pusy??",0,1,0
,Beyadob ???? mohila????????,0,1,0
,ar ektu choto bra porle val lagto,0,1,0
,I m so fuckn tyred_shucked in a wrong place with every thing wrong????????,0,1,0
,kodur size r surgery miliye momokkhoranir motoi lagche,0,1,0
,camra to dhila dhala hoye geche,0,1,0
,Uff??Hotty Naughty Sexy????,0,1,0
,"bra poiro na, nengta thako",0,1,0
,boudi 18+ hobe naki?,0,1,0
,desi mal,0,1,0
,parar aunty jokhon horney saj dey,0,1,0
,jotoi upor diye fitfat dekhao kolkatar dadababura tomar tola diye kheye chere diyeche,0,1,0
,Mal??????,0,1,0
,"Unty apni to din din aro sundor hoccen ,,,Ami sei choto bela theke apnk dekteci amn ahkhono amn acen ,, ahkhon amakei apnar theke boro lagbe ??????",0,1,0
,"tomar gud ta rosh e vora, ros e vora",0,1,0
,dasa milf,0,1,0
,Apu tumi etto hot kno...????,0,1,0
,tomar sathe sohobash korte cai,0,1,0
,Amr bf ai mohilar dud khete chai ??,0,1,0
,Pachay eto gondho kn tmr,0,1,0
,Ufff gorom obosta????,0,1,0
,Figure Aisa banao ke 4 log bole ?? Yaar yeh ek bachee ki maa kaise ho sakti hai????,0,1,0
,Koi to meri rosh chuche lo??????,0,1,0
,Mal kheyechho ?,0,1,0
,bed e niye khele dilo naki?,0,1,0
,"mucra mucri val lage na, kapor khule dekhao",0,1,0
,buro mal e joubon er dhakka,0,1,0
,Sex metarial,0,1,0
,chubby,0,1,0
,Ei boyosh e style r pose dekhle ghinna lage ????,0,1,0
,procur chuste mon cay,0,1,0
,procur sex korte hbe,0,1,0
,"ore matari, tore market e ekhn ar keu cay na, dustbin er jinish tui",0,1,0
,Dhur tumi ekhon buri hoia geso...,0,1,0
,ami jaya r pic dekhe hat mari,0,1,0
,khali hat marte mon cay ore dekhle,0,1,0
,colo sobai ore dekhe eksathe handle mari,0,1,0
,"tui ekta lucca magi, ",0,1,0
,Sujit...mithilas ex husband ...will make you his next target,0,1,0
,"Mon chay jodi ektu petam??, putki mere, cudte cudte",0,1,0
,Dudu Wali,0,1,0
,Sexy af ??,0,1,0
,She was famous in Bangladeshi porn Star... Good Bangladeshi,0,1,0
,Aunty bhabi???? dmm me inbox ,0,1,0
,abar dud dekhas,0,1,0
,sudhu dudh e dekha,0,1,0
,Boira bed,0,1,0
,Bangladesh e dominant start der talikai jaya akjon. Kolkatar sate ter Hot link thaker jonno eita possible hoisa ??,0,1,0
,Ufff I need you tonight ??????,0,1,0
,shali ekta kothin koti takar mal,0,1,0
,notir pola tore ami khaisi,0,1,0
,Ufff I need you tonight ??????,0,1,0
,"sob kapor khule dekhao,hedar mucra mucri val lage na",0,1,0
,"amar heda bal tumi, aou dekhi keda koto khelte pare",0,1,0
,cudte cudte Mere felo????,0,1,0
,bura betir bab deke r pari na??,0,1,0
,tui ekta kothin lucca,0,1,0
,tor coritro kharap,0,1,0
,nostami korben apine??????,0,1,0
,Kolkatar bhoot a paile jah hoy r ki.... ??,0,1,0
,One night how much,0,1,0
,tomar gorter dam ekh kome geche naki? Age jaito mula ekhn jay tal gach,0,1,0
,tomar gata da diya ekta pakna begun ar ekta mula ek loge dhukaite parle santi paitam,0,1,0
,magi da ros e tos tos kortese,0,1,0
,Dudh Blur kore kno rakco? amra nude dekhte tmk officially,0,1,0
,JOYA EKJON TOR BODY KHAITE CACCHE BECHBO KE AR AMI,0,1,0
,"ei boyos e emn kora figure kemne ? Daily coda khay magi, ei jonno boyos bare na",0,1,0
,Lol aunty paid Instagram to promote her Id ?? plus posts TT pics to attract perverts ?? Aunty can't live without attention ??,0,1,0
,"XNXX e join koro, valo vara paiba voda dar",0,1,0
,"amre sukh de magi, joubon jalay baci na",0,1,0
,Make up ne bht aurat ko sukh diya hai ??,0,1,0
,ajkeo dariye gelo nunu ta,0,1,0
,amar dhon tomay dekhlei dariye jay,0,1,0
,"ei dhon take kemne samlai bolo, aso na tomar pom pom gula niya ekdin kheli",0,1,0
,Lonely women out there...do... Knock...for...fun,0,1,0
,"tomar pachata sei chilo, pachar je position",0,1,0
,tomare chira kheta bichaiya chudte parle santi lagto,0,1,0
,colo 69 sixty nine kori,0,1,0
,???????? ???????????????? ??????????????????????,0,1,0
,nabhi ta dekhe chushte ichcha kortise,0,1,0
,I Want to kiss ur naabhi Jaya,0,1,0
,jama kapor ektu kom porle hoy na,0,1,0
,"tomar majhe ki jeno ase, tomare dekhlei amr sopno dos hy",0,1,0
,Hot mal????,0,1,0
,tomake kapor charai val lage,0,1,0
,"plz bra pori na, moja pabo na taile",0,1,0
,"kapor ta khule dilei to parte, moja ektu besi paitam",0,1,0
,"moja tumio paiso, moja amio paisi, kelenkari sudhu amr",0,1,0
,Sona tomaka akdom Hot,0,1,0
,Arektu hole khule jeto????,0,1,0
,fff amn body banaite parle sob chelera amar dike asto,0,1,0
,purus der emn jouno sursuri dio na sona,0,1,0
,"Banglar Sunnyleone,mia khalifa,Kandra lust,arella Ferrari",0,1,0
,super magi,0,1,0
,tumi boro ushno go,0,1,0
,bose nengta hoye ja na plz,0,1,0
,"jaya re jodi ami paitam or voda tare cuse cuse, jibba diya cete kheye ses kore ditam",0,1,0
,makeup er mayre cudi,0,1,0
,"tor may re cudi, nani re cudi, coiddo gusti re cudi",0,1,0
,Atleast sobai dekhte to pak asol jinish buro hoye gese,0,1,0
,It's matter of time when they'll make you nude,0,1,0
,"apa apne kon gacher goda khaisen, din din juyan hoitasen",0,1,0
,"Need to wear milk and less cloth, have to show pushi. Goods are models non-Muslim and good. These are models named secular.",0,1,0
,"vatar chara nignt cover korbo kmne, 200 takay des cosa magi",0,1,0
,"tomar dud gulo custe mon ca, dud er pic deo",0,1,0
,Aapki hotness ne toh sab ladkonka temperature badha diya hai?????? koi toh AC lagao yaar ??,0,1,0
,ei magi hajar cheler sopno dos er karon,0,1,0
,Maje maje apnare soytane lare,0,1,0
,Alemder jail dai . Ai nungra betider jail dai na keno? Alemra valo pothe dake. Ai betira paap korte dake,0,1,0
,Divorcer por uni somosto deshbashir dhon. Joto din bia silo totodin uni onar swamir dhon silen.,0,1,0
,Durex banana dhukabo tomar dui payer cipa ta diye ????,0,1,0
,khankir bacca khanki purai agun,0,1,0
,magi Akbare roshalo,0,1,0
,eki bare jama kule pic upload den vlo hobe,0,1,0
,Fucking hot,0,1,0
,Beshorma,0,1,0
,Manush je koto ku ruchi r hole e rokom altu faltu pictures up kore ei baje ruchi r manush ta re ami onusoron korcilam ki vabe,0,1,0
,Pom pom??,0,1,0
,Tomi amr bal er naiya??,0,1,0
,Eta kono posha hole Bangali meye Ra ei gulo pore na lojja thaka dorkar,0,1,0
,Ai burir sorom naii.ato manus baje comt kore.kacchor mohila.India dalal,0,1,0
,indian bengali arr Bangladesh bengali meye ra lengta hoye ow famous hoite parlo na arr Pakistani meyera dhaka poshake biyer onushtan e neche famous hoye gelo,0,1,0
,Sexy hot body jhule gese sob,0,1,0
,dudh boro banaise ke,0,1,0
,r ektu dud dekha,0,1,0
,dudh gula chusbo tor!,0,1,0
,Bra porar dorkar nai. Dekha jacche shob,0,1,0
,Buira bedi ki dekaili,0,1,0
,Joila gece khaite khiate,0,1,0
,Photographer may be 3 bar maal fele erpr ashche photoshoot korte nabole control kora possible nah,0,1,0
,"Tr dud tui muk et diye bose thak magi,, 60 bcr er buri magi tr dud kew dkbe na ??????",0,1,0
,"ganja khaiya kul pai na, tomar dudh dekhbo kokhon",0,1,0
,ore buker khaje ota dhukiye ghosbo,0,1,0
,Oh tomar dud er kosom??,0,1,0
,tomare ektu thapaite parle moja paitam,0,1,0
,dudh gula chusbo tor!,0,1,0
,Bra porar dorkar nai. Dekha jacche shob,0,1,0
,ufff cuci duto mukhe niye cuse tipe kamre khabo jan,0,1,0
,tomake halka kore kamre dite cai,0,1,0
,Fuck you,0,1,0
,thak tar dah tar Ta??,0,1,0
,Arekto holei toh nipple ber hoye jaito,0,1,0
,Amon dress porle tara vave akashe uthe geche.,0,1,0
,Baba go baba ?? nany to apa hoa gasen,0,1,0
,Camara man hoita chai jaya agsan ar..??,0,1,0
,futa r fak  thakle takar ovab hy na,0,1,0
,Ore pom pom??,0,1,0
,Buker julnto jinis 2 ta aktu choto choto lagche kaw abar kheye diche naki,0,1,0
,Bikini poro rahole market colbe vloiii??,0,1,0
,"Mal dare garite tol,??????",0,1,0
,Khanki magi ra message dao,0,1,0
,Ki anty apny to dakhe bura hoya gasen to aygula ki charen onak pap hoybo ?????,0,1,0
,apa amr kharay gese,0,1,0
,"Ufff sorir,ta gorom hoye gelo??",0,1,0
,buker sondhi sthole cete debo,0,1,0
,dudh er ja size,0,1,0
,india te valoi kola khaoya daoya colche tomar magi,0,1,0
,Apnar nabhir FUTA LOBON MORICH DIYA CHUSHE KHETE CHAI??????????????????????????,0,1,0
,Tmr dudu,0,1,0
,apnar dudh er kala bota ektu dekha jay,0,1,0
,Apnk to porn entaresting thaka kotha ba apne to potitaloi kaj korte parten. Ekhane ashse kn natok Cinema jogote,0,1,0
,er cheye vlo na porn entaresting te s*x kora etai to better chilo,0,1,0
,India giya sunny Leone ar vat marce ...aibar USA a giya mia apar vat ta maira den ....becara kandok ..apnare Johny ar sathe manaibo valo,0,1,0
,Dress Porar Ki Drkr chilo??,0,1,0
,Ki sundour dudu ????,0,1,0
,Ufff Navi Tah! Magi din din hot hoye jacche,0,1,0
,Obo sese tmr o dud dekhe fellam ????,0,1,0
,"Small milk, i like big????",0,1,0
,Buri tmr sob ses eto vab chodaiya lav nai,0,1,0
,Are valo lage na apnake??,0,1,0
,Shesh boyoshe aisha nosta mi suru korse,0,1,0
,Kam fulus,0,1,0
,tomar nice othoba tolay poca macher moto hoye geche,0,1,0
,hae din din apnr boyosh to kmtse ??,0,1,0
,Tumi purai magi hoye geso dadader deshe gia,0,1,0
,Amar ei pic dekhe birjo pore gelo,0,1,0
,birjo dharon khomota kome gese amr tomare dekhe,0,1,0
,Aunty ani ki kono din buri hobe na..... Apnar ei joubon kal ta dhore rakhar rohosso ki ??????,0,1,0
,maro maro maroooooooooo ,0,1,0
,Bure ar obosta dako??,0,1,0
,dudu gula ekhno thik ase jhulte dey nai,0,1,0
,Kira bori eisob na korla ow paros..r koi din oi ba bachbi ????,0,1,0
,Nipple bade baki tuk ber kore dekhalei hoi pornstar der moto??,0,1,0
,tomar buker duto pahare vumi dhos nemeche,0,1,0
,??Digi convert to Digi Leone and Jaya Ahsan convert to Jaya Malkova ??,0,1,0
,oto besi langta toto mesi smartness like a pornstar,0,1,0
,tmi ki kono din borei hoba na naki ??,0,1,0
,Crush Tomar Pant Koi...,0,1,0
,Joyas daughters great great great grand dauther marry to me ,0,1,0
,Nice apu erokom aro dekte chai,0,1,0
,Sexy magi. Bra vodai eto Rosh nei,0,1,0
,Hot ke hot nh bole para jay nah ??????,0,1,0
,Porimonir cosplay,0,1,0
,Tor vabi??,0,1,0
,Fucking hot my crush???,0,1,0
,Samajhme nehi ati upp buri kew nehi,0,1,0
,Bura magir tel koto gaye??,0,1,0
,Can you upload ur nude photos,0,1,0
,Fokonnir fokonni,0,1,0
,"Ore bapre comments pore etai mone holo, vodro mnshre chokh toh vodro jaygay thaka uchit,ekhane keno",0,1,0
,cuda khabi magir ghorer magi,0,1,0
,Dudu dekha jai??,0,1,0
,"t the age of 48 but u still showing our your boobs what the fuck ,",0,1,0
,Somoi moto ki chade silen,0,1,0
,Ki jani 2ta dekha jai,0,1,0
,ageo khelte mon caito ekhno mon cay,0,1,0
,burir jhuli jhule gese,0,1,0
,"jhola dudh,amar khub pochonder??",0,1,0
,sorir na dekhaile market paoya jay na,0,1,0
,pura dudh dekhao,0,1,0
,Pura ta ber kore dita faul mohila,0,1,0
,Pura ta kula dau magi akta,0,1,0
,Aaah batter bon guLa deKha jacchE??,0,1,0
,Onek boro??????,0,1,0
,Dekha jaitece ????aktu dhaika photo shot koren ??,0,1,0
,Chi chi AI sob bal Chala na dekhale Hoy na,0,1,0
,Ey pic ta dekhe k k maal felso? Like daw,0,1,0
,Oshadharon boobs gula dkhanor jonno public re ??,0,1,0
,Hey baby milk dekha jacce tho???,0,1,0
,Just wow B******bs??????,0,1,0
,Jholshe gess akdom ????,0,1,0
,Agun??..sudu dektei issa kore,0,1,0
,Facebook diona dekhio eita abar ei khane diso ha ha react Theke bece geco oi khane cmt er jalay more jaba,0,1,0
,Bura boyoshe ja dekhaila??,0,1,0
,Sorry to say tmk akta soitaner moto lagche. Asole jotodin bd te kaj krecho chailew amn dress porte paro ni tai face a soitani vaab ta kom fute uthechilo akhn tmr vitorer soitan ta face a bujha jai. Tmr moto soitan bd te aro kisu ase. Tmra akhn hindu religion ta accept kro. Tmr bandhobider o bolo. Tmra akhn khali name muslim aso. Akhn islam k mocking n make fun krcho. Stop doing this.,0,1,0
,Ato boro hoilo Kobe size,0,1,0
,Ahhhhh first time emon close dudu dekhailo ????????,0,1,0
,Legendra dekhe felche??,0,1,0
,fata futa dekhaiya lav nei,0,1,0
,"Amake keu bolechilu moha sagorer deu,... Alote alote daka.. Kontho",0,1,0
,Sei akta jinij banayta se joya,0,1,0
,kire vai toder ki lojja sorom nai.naile potitaliy jare,0,1,0
,Ki auntie valorant khelen?,0,1,0
,Eder kaj ai rokom na hole taka income toooo Bondo hoye jabe,0,1,0
,cuse dibo?,0,1,0
,Boyos hoyece mora dudh show kore lav nai????,0,1,0
,Tho matha cara sob ai tho dekha jy,0,1,0
,Sob dekha jai toh babu??,0,1,0
,Soril dakanor moddha ki smartness asa buji na,0,1,0
,tomar dane bame purai dab r dab,0,1,0
,dui dukone 2 ta dab,0,1,0
,Toi ki choke dakis na naki pagol maye??????,0,1,0
,"1 kiss plz, for the onesideloverzzz",0,1,0
,Aha xoxo????,0,1,0
,Bura khale eto show off kisher,0,1,0
,Oma class IX ba X lagchye...darun pic,0,1,0
,Bura magir vab ki,0,1,0
,Boobs are woops??,0,1,0
,Bia na kare thaken kibave,0,1,0
,Ei siter somoy sorir ta gorom kore dilen,0,1,0
,Tmi bohu narite asokto hoila,0,1,0
,Vabi tmr navir niche amr dabi,0,1,0
,Tmr navir gorte dube gelam,0,1,0
,Tr hijab koi kanke mage,0,1,0
,Ovodrochoda pola tui,0,1,0
,Du payer majhkhane aste kore dhukalam,0,1,0
,Doo pa er majhkhane aste kore dukalam,0,1,0
,Tmi onk vodai,0,1,0
,Tmk chipay niye jabo,0,1,0
,Ami faisha gesi mainkar chipay,0,1,0
,Ufff tmk khub gorom lagche,0,1,0
,Tmr pic dekhe amr dariye gelo,0,1,0
,Tmr figure dekhe amr daraya gelo,0,1,0
,Roshe vora joubon,0,1,0
,Rose bora joubon,0,1,0
,Ektu khule dekhau ,0,1,0
,Ajk naki mal ber hoyeche,0,1,0
,Maal ta ke gari te tol,0,1,0
,"Asho jan, tmk khai",0,1,0
,Kheye chere de mammah,0,1,0
,Tr bape fokinni,0,1,0
,Tr chachay fohinni,0,1,0
,Khyte paros na dating maras,0,1,0
,Maranir chele,0,1,0
,Mara kha,0,1,0
,Muri kha,0,1,0
,Chup thak bokachoda,0,1,0
,Off ja gadhachoda,0,1,0
,Gera uthse tr?,0,1,0
,Marakha bokasoda,0,1,0
,Chete chete r koto boro hoite chybi,0,1,0
,Tel mar halare,0,1,0
,Boro boro jambura,0,1,0
,Tmk dekhe hur,0,1,0
,Aata moyda shuji dewa meye tui,0,1,0
,Votka choda pola tui,0,1,0
,Motka beda ,0,1,0
,Khassor beda,0,1,0
,Buira khatash shala,0,1,0
,Kon kheter mula tui chodnar po,0,1,0
,Balpakna shala,0,1,0
,Garamu tore,0,1,0
,Garayalmu tore,0,1,0
,Kopaya marum tore,0,1,0
,Thabor khabi shalar shala,0,1,0
,Roshe tosh tosh korche tmr lips,0,1,0
,Tmr buke uchu pahar,0,1,0
,Tmk khawar chinta amr mathay ghure,0,1,0
,Buk ber hoye jacche,0,1,0
,Fete jacche tmr shirt,0,1,0
,Pant fete kola ber hobe,0,1,0
,Tr to murod ny,0,1,0
,Tui murad takla,0,1,0
,Kono kisu paros na,0,1,0
,Failtush shala,0,1,0
,Amr moto hoye dekha failtush,0,1,0
,Amr sathe batpari koros?,0,1,0
,Batpar shalare gara,0,1,0
,Nunu baka chele tui,0,1,0
,Bichi ny tr,0,1,0
,Bichi kandhe loya ghur,0,1,0
,Bichiless chele,0,1,0
,Khankir chele tk de,0,1,0
,Hizrachoda,0,1,0
,Hizlachoda,0,1,0
,Tui purush na hizra,0,1,0
,Besshar rani ,0,1,0
,Kamer cheri rohimar meye,0,1,0
,Kamli shali kaj kore na,0,1,0
,Hyra gesos hara party,0,1,0
,Kaj thik moto koros na kn dhilamagi,0,1,0
,Mukhe ne ,0,1,0
